{
  "login.heading.logintoyouraccount" : "Login to your account",
  "login.btn.login": "Login",
  "login.btn.forgot": "Forgot Password",
  "login.btn.register": "New User? Create an Account",

  "nav.msg.welcome": "Welcome,",
  "nav.label.dashboard": "Dashboard",
  "nav.label.accounts": "Accounts",
  "nav.label.recenttransactions": "Recent Transactions",
  "nav.label.charges": "Charges",
  "nav.label.transfers": "Transfers",
  "nav.label.tpttransfers": "Third Party Transfers",
  "nav.label.beneficiaries": "Beneficiaries",
  "nav.label.aboutus": "About us",
  "nav.label.help": "Help",
  "nav.label.applyloan": "Apply For Loan",

  "label.heading.loans": "Loans",
  "label.heading.loanAccountList": "Loan Account List",
  "label.heading.status": "Status",
  "label.heading.accountNo": "Account #",
  "label.heading.loanAccount": "Loan Account",
  "label.heading.originalLoan": "Original Loan",
  "label.heading.loanBalance": "Loan Balance",
  "label.heading.amountPaid": "Amount Paid",
  "label.heading.type": "Type",
  "label.heading.savings": "Savings",
  "label.heading.savingAccountList": "Savings Account List",
  "label.heading.account": "Account",
  "label.heading.accountType": "Account Type",
  "label.heading.accountBalance": "Account Balance",
  "label.heading.shares": "Shares",
  "label.heading.shareAccountList": "Shares Account List",
  "label.heading.approvedShares": "Approved Shares",
  "label.heading.pendingShares": "Shares Pending Approval",
  "label.heading.charges": "Charges",
  "label.heading.name": "Name",
  "label.heading.dueAsOf": "Due As Of",
  "label.heading.due": "Due",
  "label.heading.paid": "Paid",
  "label.heading.waived": "Waived",
  "label.heading.outstanding": "Outstanding",
  "label.heading.recentTransactions": "Recent Transactions",
  "label.heading.id": "Id",
  "label.heading.officeName": "Office Name",
  "label.heading.amount": "Amount",
  "label.heading.date": "Date",
  "label.heading.transfers": "Transfers",
  "label.heading.beneficiariesList": "Beneficiaries List",
  "label.heading.clientName": "Client Name",
  "label.heading.transferLimit": "Transfer Limit",
  "label.heading.addbeneficiaries": "Add Beneficiary",
  "label.heading.actions": "Actions",
  "label.heading.editbeneficiaries": "Edit Beneficiary",
  "label.heading.accountId": "Account Id",
  "label.heading.currency": "Currency",
  "label.heading.balance": "Balance",
  "label.heading.totalAccounts": "Total Accounts",
  "label.heading.savingsAccounts": "Savings Accounts",
  "label.heading.shareAccounts": "Share Accounts",
  "label.heading.totalSavings": "Total Savings",
  "label.heading.totalLoan": "Total Loan",
  "label.heading.loanAccountOverview": "Loan Account Overview",
  "label.heading.savingsAccountOverview": "Savings Account Overview",
  "label.heading.shareAccountOverview": "Share Account Overview",
  "label.heading.applyloan": "Apply For Loan",
  "label.heading.outstanding": "Outstanding Balance",
  "label.heading.accountId": "Account Id",
  "label.heading.currency": "Currency",
  "label.heading.tpt": "Third Party Transfers",

  "label.msg.loadingCharges": "Loading Charges",
  "label.msg.loadingRecentTransactions": "Loading Recent Transactions",
  "label.msg.loadingBeneficiaries": "Loading Beneficiaries",
  "label.msg.logginIn": "Logging In",

  "label.input.search": "Search",
  "label.input.payTo": "Pay To",
  "label.input.payFrom": "Pay From",
  "label.input.amount": "Amount",
  "label.input.transferDate": "Transfer Date",
  "label.input.remark": "Remark",
  "label.input.beneficiaryName": "Beneficiary Name",
  "label.input.officeName": "Office Name",
  "label.input.accountNumber": "Account Number",
  "label.input.transferLimit": "Transfer Limit",
  "label.input.accountType": "Account Type",
  "label.input.productOptions": "Loan Product Options",
  "label.input.purposeOfLoan": "Purpose Of Loan",
  "label.input.currency": "Currency",
  "label.input.principal": "Principal",
  "label.input.submittedOn": "Submitted On",
  "label.input.expectedDisbursementDate": "Expected Disbursement Date",

  "label.btn.cancel": "Cancel",
  "label.btn.reviewTransfer": "Review Transfer",
  "label.btn.addBeneficiary": "Add Beneficiary",
  "label.btn.editBeneficiary": "Edit Beneficiary",
  "label.btn.deposit": "Deposit",
  "label.btn.makepayment": "Make Payment",
  "label.btn.transfer": "Transfer",
  "label.btn.apply": "Apply"
}